Dataset/Art_Nouveau_Modern/nicholas-roerich_inner-yard-1913.jpg,асимметрия
Dataset/Art_Nouveau_Modern/nicholas-roerich_vignette-for-book-n-k-roerich-1918-17.jpg,асимметрия
Dataset/Art_Nouveau_Modern/raphael-kirchner_girls-with-flowers-at-feet-1902-2.jpg,асимметрия
Dataset/Art_Nouveau_Modern/raphael-kirchner_nude-drawings-4.jpg,асимметрия
Dataset/Abstract_Expressionism/aki-kuroda_untitled-1987.jpg,асимметрия
Dataset/Abstract_Expressionism/aki-kuroda_untitled-1988-1.jpg,асимметрия
Dataset/Abstract_Expressionism/alice-baber_abstract-composition-1969.jpg,асимметрия
Dataset/Abstract_Expressionism/alice-baber_lavender-high-1968.jpg,осевая
Dataset/Abstract_Expressionism/arshile-gorky_how-my-mother-s-embroidered-apron-unfolds-in-my-life.jpg,асимметрия
Dataset/Abstract_Expressionism/atsuko-tanaka_77r-84-1984.jpg,осевая
Dataset/Abstract_Expressionism/atsuko-tanaka_untitled.jpg,асимметрия
Dataset/Abstract_Expressionism/barnett-newman_untitled-1945-1.jpg,асимметрия
Dataset/Abstract_Expressionism/basuki-abdullah_abstract-1.jpg,асимметрия
Dataset/Abstract_Expressionism/betty-parsons_untitled-1971.jpg,асимметрия
Dataset/Abstract_Expressionism/bradley-walker-tomlin_number-13-1952.jpg,осевая
Dataset/Abstract_Expressionism/brett-whiteley_nude-at-basin-1963.jpg,асимметрия
Dataset/Abstract_Expressionism/brice-marden_cold-mountain-i-path-1989.jpg,асимметрия
Dataset/Abstract_Expressionism/bui-xuan-phai_abstract(1).jpg,асимметрия
Dataset/Abstract_Expressionism/conrad-marca-relli_untitled.jpg,асимметрия
Dataset/Abstract_Expressionism/elaine-de-kooning_home-1953.jpg,осевая
Dataset/Abstract_Expressionism/esteban-vicente_untitled-1998.jpg,асимметрия
Dataset/Abstract_Expressionism/friedel-dzubas_untitled.jpg,асимметрия
Dataset/Abstract_Expressionism/geta-bratescu_spaces-2005(8).jpg,асимметрия
Dataset/Abstract_Expressionism/guido-molinari_untitled-1954.jpg,асимметрия
Dataset/Abstract_Expressionism/helen-frankenthaler_flotilla-2006.jpg,асимметрия
Dataset/Abstract_Expressionism/henri-matisse_blue-nude-1952.jpg,асимметрия
Dataset/Abstract_Expressionism/jackson-pollock_the-key(1).jpg,асимметрия
Dataset/Abstract_Expressionism/mark-rothko_no-21.jpg,асимметрия
Dataset/Abstract_Expressionism/sam-francis_untitled-1990-4.jpg,асимметрия
Dataset/Abstract_Expressionism/vasile-dobrian_i-still-hear-the-rustle-of-your-footsteps-from-the-archways-series.jpg,осевая
Dataset/Abstract_Expressionism/yayoi-kusama_petals-1988.jpg,осевая
Dataset/Action_painting/franz-kline_black-and-white-png.jpg,асимметрия
Dataset/Action_painting/franz-kline_blueberry-eyes-1960.jpg,асимметрия
Dataset/Action_painting/franz-kline_c-and-o-1958.jpg,асимметрия
Dataset/Action_painting/franz-kline_delaware-gap.jpg,асимметрия
Dataset/Action_painting/franz-kline_mycenae-1958.jpg,асимметрия
Dataset/Action_painting/franz-kline_new-york-1953.jpg,асимметрия
Dataset/Action_painting/franz-kline_palladio-1961.jpg,асимметрия
Dataset/Action_painting/franz-kline_zinc-yellow-1959.jpg,асимметрия
Dataset/Action_painting/hans-hofmann_astral-nebula-1961.jpg,асимметрия
Dataset/Action_painting/hans-hofmann_the-prey-1956.jpg,асимметрия
Dataset/Action_painting/jackson-pollock_full-fathom-five(1).jpg,асимметрия
Dataset/Action_painting/jackson-pollock_number-4-gray-and-red-1948.jpg,асимметрия
Dataset/Action_painting/jackson-pollock_number-6-1949(1).jpg,асимметрия
Dataset/Action_painting/jackson-pollock_number-7-out-of-the-web-1949.jpg,асимметрия
Dataset/Action_painting/jackson-pollock_reflections-of-the-big-dipper-1947.jpg,асимметрия
Dataset/Action_painting/jackson-pollock_summertime-number-9a-1948.jpg,асимметрия
Dataset/Action_painting/norman-bluhm_aritic-1959.jpg,асимметрия
Dataset/Action_painting/norman-bluhm_mathematics-1962.jpg,асимметрия
Dataset/Action_painting/norman-bluhm_untitled-1959.jpg,асимметрия
Dataset/Action_painting/walasse-ting_gauguin-ting-1976.jpg,асимметрия
Dataset/Action_painting/walasse-ting_two-angels.jpg,асимметрия
Dataset/Analytical_Cubism/albert-gleizes_acrobats-1916.jpg,асимметрия
Dataset/Analytical_Cubism/albert-gleizes_portrait-of-igor-stravinsky-1914.jpg,асимметрия
Dataset/Analytical_Cubism/georges-braque_a-girl(1).jpg,асимметрия
Dataset/Analytical_Cubism/georges-braque_castle-at-la-roche-guyon-1909.jpg,асимметрия
Dataset/Analytical_Cubism/georges-braque_fruitdish-and-glass-1912.jpg,асимметрия
Dataset/Analytical_Cubism/georges-braque_glass-on-a-table.jpg,асимметрия
Dataset/Analytical_Cubism/georges-braque_glasses-and-bottle-1912.jpg,асимметрия
Dataset/Analytical_Cubism/georges-braque_houses-at-estaque-1908.jpg,асимметрия
Dataset/Analytical_Cubism/georges-braque_le-sacre-coeur-1910.jpg,асимметрия
Dataset/Analytical_Cubism/georges-braque_the-bottle-of-rum-1912.jpg,асимметрия
Dataset/Analytical_Cubism/georges-braque_violin-and-clarinet-on-a-table-1912.jpg,асимметрия
Dataset/Analytical_Cubism/georges-braque_violin-and-jug-1910.jpg,асимметрия
Dataset/Analytical_Cubism/jean-metzinger_la-femme-au-cheval-1912.jpg,асимметрия
Dataset/Analytical_Cubism/jean-metzinger_le-go-ter-1911(1).jpg,осевая
Dataset/Analytical_Cubism/jean-metzinger_nature-morte-1911.jpg,асимметрия
Dataset/Analytical_Cubism/juan-gris_guitar-and-glass-1912.jpg,асимметрия
Dataset/Analytical_Cubism/juan-gris_guitar-and-glasses-banjo-and-glasses-1912.jpg,асимметрия
Dataset/Analytical_Cubism/juan-gris_portrait-of-maurice-raynal-1911.jpg,осевая
Dataset/Analytical_Cubism/juan-gris_still-life-with-oil-lamp-1912.jpg,асимметрия
Dataset/Analytical_Cubism/juan-gris_the-packet-of-cigars-1912.jpg,осевая
Dataset/Analytical_Cubism/pablo-picasso_a-glass-1911.jpg,асимметрия
Dataset/Analytical_Cubism/pablo-picasso_bathing-1908.jpg,асимметрия
Dataset/Analytical_Cubism/pablo-picasso_female-nude.jpg,осевая
Dataset/Analytical_Cubism/pablo-picasso_harlequinesque-personage-1913.jpg,асимметрия
Dataset/Analytical_Cubism/pablo-picasso_jug-and-fruit-dish-1908.jpg,асимметрия
Dataset/Analytical_Cubism/pablo-picasso_still-life-on-the-piano-cort-1911.jpg,асимметрия
Dataset/Analytical_Cubism/pablo-picasso_table-in-a-cafe-bottle-of-pernod-1912.jpg,асимметрия
Dataset/Analytical_Cubism/pablo-picasso_the-chess-1911.jpg,асимметрия
Dataset/Analytical_Cubism/pablo-picasso_woman-sitting-in-an-armchair.jpg,асимметрия
Dataset/Analytical_Cubism/pablo-picasso_woman-with-guitar.jpg,асимметрия
Dataset/Analytical_Cubism/pablo-picasso_woman-with-mandolin-1909.jpg,асимметрия
Dataset/Art_Nouveau_Modern/a.y.-jackson_algoma-in-november-1935.jpg,осевая
Dataset/Art_Nouveau_Modern/a.y.-jackson_first-snow-algoma-country-1920.jpg,осевая
Dataset/Art_Nouveau_Modern/a.y.-jackson_hills-at-great-bear-lake-1953.jpg,осевая
Dataset/Art_Nouveau_Modern/a.y.-jackson_october-morning-algoma-wartz-lake-1920.jpg,асимметрия
Dataset/Art_Nouveau_Modern/akseli-gallen-kallela_joukahainen-s-revenge.jpg,осевая
Dataset/Art_Nouveau_Modern/akseli-gallen-kallela_kullervos-curse-1899.jpg,осевая
Dataset/Art_Nouveau_Modern/akseli-gallen-kallela_lake-keitele-1905.jpg,осевая
Dataset/Art_Nouveau_Modern/akseli-gallen-kallela_the-defense-of-the-sampo-1896.jpg,асимметрия
Dataset/Art_Nouveau_Modern/akseli-gallen-kallela_the-poster-bilbol-1907.jpg,асимметрия
Dataset/Art_Nouveau_Modern/aladar-korosfoi-kriesch_fountain-of-art-1907.jpg,осевая
Dataset/Art_Nouveau_Modern/aladar-korosfoi-kriesch_lady-with-tiara.jpg,осевая
Dataset/Art_Nouveau_Modern/aleksandra-ekster_costume-design-for-theatre-moscow-1916.jpg,осевая
Dataset/Art_Nouveau_Modern/aleksandra-ekster_still-life-1910.jpg,асимметрия
Dataset/Art_Nouveau_Modern/alexandre-benois_a-coachman-and-a-nurse-costume-design(1).jpg,осевая
Dataset/Art_Nouveau_Modern/alexandre-benois_apollo-and-daphne(1).jpg,осевая
Dataset/Art_Nouveau_Modern/alexandre-benois_ballerina-costume-design(1).jpg,осевая
Dataset/Art_Nouveau_Modern/alexandre-benois_death-of-the-countess(1).jpg,асимметрия
Dataset/Art_Nouveau_Modern/alexandre-benois_italian-comedy(1).jpg,осевая
Dataset/Art_Nouveau_Modern/alexandre-benois_letter-r-1904(3).jpg,асимметрия
Dataset/Art_Nouveau_Modern/alexandre-benois_pancake-day-in-st-petersburg-fragment-set-design(1).jpg,асимметрия
Dataset/Art_Nouveau_Modern/alexandre-benois_peterhof-palace-grand-cascade(2).jpg,асимметрия
Dataset/Art_Nouveau_Modern/alexandre-benois_promenade-of-empress-elizabeth-through-the-noble-streets-of-st-petersburg-1903(3).jpg,асимметрия
Dataset/Art_Nouveau_Modern/alphonse-mucha_amethyst.jpg,осевая
Dataset/Art_Nouveau_Modern/alphonse-mucha_byzantine-head-the-blonde-1897.jpg,осевая
Dataset/Art_Nouveau_Modern/alphonse-mucha_carnation-1.jpg,асимметрия
Dataset/Art_Nouveau_Modern/alphonse-mucha_champagne-printer-publisher-1897.jpg,осевая
Dataset/Art_Nouveau_Modern/alphonse-mucha_girl-with-loose-hair-and-tulips-1920.jpg,асимметрия
Dataset/Art_Nouveau_Modern/alphonse-mucha_regional-exhibition-in-ivancice-1912.jpg,осевая
Dataset/Art_Nouveau_Modern/alphonse-mucha_self-portrait-1907.jpg,осевая
Dataset/Art_Nouveau_Modern/alphonse-mucha_soap-factory-of-bagnolet-1897.jpg,осевая
Dataset/Art_Nouveau_Modern/alphonse-mucha_study-of-a-woman-sitting-in-an-armchair.jpg,осевая
Dataset/Art_Nouveau_Modern/alphonse-mucha_the-introduction-of-the-slavonic-liturgy-1912.jpg,асимметрия
Dataset/Art_Nouveau_Modern/anders-zorn_effect-of-night-1895.jpg,асимметрия
Dataset/Art_Nouveau_Modern/andrei-ryabushkin_a-bow-with-a-red-porch-illustration-for-the-coronation-album.jpg,асимметрия
Dataset/Art_Nouveau_Modern/andrei-ryabushkin_a-young-man-breaking-into-the-girls-dance-and-the-old-women-are-in-panic.jpg,осевая
Dataset/Art_Nouveau_Modern/anna-ostroumova-lebedeva_barge-1904.jpg,осевая
Dataset/Art_Nouveau_Modern/anna-ostroumova-lebedeva_debacle-1922.jpg,осевая
Dataset/Art_Nouveau_Modern/anna-ostroumova-lebedeva_fontanka-near-the-summer-garden-1922.jpg,асимметрия
Dataset/Art_Nouveau_Modern/anna-ostroumova-lebedeva_fortress-beep-1922.jpg,асимметрия
Dataset/Art_Nouveau_Modern/anna-ostroumova-lebedeva_landscape-with-a-river-norway-between-bergen-and-christiania-1914.jpg,осевая
Dataset/Art_Nouveau_Modern/anna-ostroumova-lebedeva_leningrad-view-of-the-fortress-at-night-1946.jpg,осевая
Dataset/Art_Nouveau_Modern/anna-ostroumova-lebedeva_petersburg-rostral-column-and-customs-1909.jpg,асимметрия
Dataset/Art_Nouveau_Modern/anna-ostroumova-lebedeva_rostral-column-1912.jpg,асимметрия
Dataset/Art_Nouveau_Modern/anna-ostroumova-lebedeva_venice-1916.jpg,асимметрия
Dataset/Art_Nouveau_Modern/aubrey-beardsley_a-nightpiece-1894.jpg,асимметрия
Dataset/Art_Nouveau_Modern/aubrey-beardsley_by-edgar-allan-poe.jpg,осевая
Dataset/Art_Nouveau_Modern/aubrey-beardsley_caricature-of-felix-mendelssohn.jpg,асимметрия
Dataset/Art_Nouveau_Modern/aubrey-beardsley_cover-design-to-the-pierrot-of-the-minute-1897.jpg,асимметрия
Dataset/Art_Nouveau_Modern/aubrey-beardsley_das-rheingold.jpg,асимметрия
Dataset/Art_Nouveau_Modern/aubrey-beardsley_initial-letter-v-to-volpone-1898.jpg,осевая
Dataset/Art_Nouveau_Modern/boris-kustodiev_autumn-1924.jpg,асимметрия
Dataset/Art_Nouveau_Modern/boris-kustodiev_palm-market-with-spassky-gate-1917.jpg,асимметрия
Dataset/Art_Nouveau_Modern/boris-kustodiev_stenka-razin.jpg,асимметрия
Dataset/Art_Nouveau_Modern/carl-larsson_breakfast-under-the-big-birch(1).jpg,асимметрия
Dataset/Art_Nouveau_Modern/carl-larsson_brita-as-iduna-i-unn-lithography-title-page-for-the-christmas-edition-of-idun-1901-1901(1).jpg,осевая
Dataset/Art_Nouveau_Modern/carl-larsson_roses-de-noel(1).jpg,асимметрия
Dataset/Art_Nouveau_Modern/carl-larsson_under-the-birches-1902(1).jpg,асимметрия
Dataset/Art_Nouveau_Modern/edmund-dulac_out-of-this-world-stealers-of-light-by-the-queen-of-romania.jpg,осевая
Dataset/Art_Nouveau_Modern/gustav-klimt_fruit-trees-1901.jpg,асимметрия
Dataset/Art_Nouveau_Modern/edmund-dulac_perseus-and-andromeda.jpg,асимметрия
Dataset/Art_Nouveau_Modern/gustav-klimt_garden-with-roosters.jpg,осевая
Dataset/Art_Nouveau_Modern/gustav-klimt_hope-ii-1908.jpg,осевая
Dataset/Art_Nouveau_Modern/gustav-klimt_lady-with-fan-1918.jpg,асимметрия
Dataset/Art_Nouveau_Modern/gustav-klimt_the-kiss-1908(1).jpg,осевая
Dataset/Art_Nouveau_Modern/henri-de-toulouse-lautrec_la-revue-blanche-1895.jpg,асимметрия
Dataset/Art_Nouveau_Modern/henri-de-toulouse-lautrec_the-ball-1880.jpg,асимметрия
Dataset/Art_Nouveau_Modern/henri-de-toulouse-lautrec_the-haido-1893.jpg,асимметрия
Dataset/Art_Nouveau_Modern/henri-de-toulouse-lautrec_yvette-guilbert-1.jpg,асимметрия
Dataset/Art_Nouveau_Modern/ivan-bilibin_illustration-for-the-epic-volga-1904(1).jpg,асимметрия
Dataset/Art_Nouveau_Modern/j.-e.-h.-macdonald_autumn-algoma-1918.jpg,асимметрия
Dataset/Art_Nouveau_Modern/j.-e.-h.-macdonald_the-supply-boat-1916.jpg,асимметрия
Dataset/Art_Nouveau_Modern/j.-e.-h.-macdonald_the-tangled-garden-1916.jpg,асимметрия
Dataset/Art_Nouveau_Modern/jacek-malczewski_christ-and-samaritan-woman-1.jpg,асимметрия
Dataset/Art_Nouveau_Modern/kay-nielsen_snowdrop.jpg,осевая
Dataset/Art_Nouveau_Modern/koloman-moser_study-of-portrait-of-venus-in-the-grotto.jpg,асимметрия
Dataset/Art_Nouveau_Modern/lawren-harris_mountaisn-and-lake-1929.jpg,асимметрия
Dataset/Art_Nouveau_Modern/lawren-harris_shoreline.jpg,асимметрия
Dataset/Art_Nouveau_Modern/michel-simonidy_tulipes-1923.jpg,асимметрия
Dataset/Art_Nouveau_Modern/mikhail-nesterov_annunciation.jpg,осевая
Dataset/Art_Nouveau_Modern/nicholas-roerich_city-1907-2.jpg,асимметрия
Dataset/Art_Nouveau_Modern/thomas-theodor-heine_poster-for-the-berlin-secession-art-and-artist-magazine-1906.jpg,осевая
Dataset/Art_Nouveau_Modern/valentin-serov_portrait-of-maria-akimova-1908.jpg,асимметрия
Dataset/Art_Nouveau_Modern/wilhelm-kotarbinski_nymphes.jpg,асимметрия
Dataset/Art_Nouveau_Modern/zinaida-serebriakova_at-breakfast-1914.jpg,асимметрия
Dataset/Art_Nouveau_Modern/zinaida-serebriakova_portrait-of-e-m-edwards-1912.jpg,осевая
Dataset/Art_Nouveau_Modern/zinaida-serebriakova_portrait-of-vera-fokine.jpg,асимметрия
Dataset/Baroque/adriaen-brouwer_drinkers-in-the-yard.jpg,асимметрия
Dataset/Baroque/adriaen-brouwer_dune-landscape-by-moonlight.jpg,асимметрия
Dataset/Baroque/adriaen-brouwer_farmers-fight-party.jpg,асимметрия
Dataset/Baroque/adriaen-brouwer_fumatore.jpg,асимметрия
Dataset/Baroque/adriaen-brouwer_inn-with-drunken-peasants.jpg,асимметрия
Dataset/Baroque/adriaen-brouwer_jan-davidszoon-de-heem.jpg,асимметрия
Dataset/Baroque/adriaen-brouwer_the-card-players.jpg,асимметрия
Dataset/Baroque/adriaen-brouwer_twilight-landscape.jpg,асимметрия
Dataset/Baroque/adriaen-brouwer_two-peasants.jpg,асимметрия
Dataset/Baroque/adriaen-brouwer_village-scene-with-men-drinking.jpg,асимметрия
Dataset/Baroque/adriaen-van-de-velde_animals-by-the-river-1664.jpg,асимметрия
Dataset/Baroque/adriaen-van-de-velde_frozen-canal-with-skaters-and-hockey-players-1668.jpg,осевая
Dataset/Baroque/adriaen-van-de-velde_seated-woman.jpg,асимметрия
Dataset/Baroque/adriaen-van-de-venne_what-won-t-people-do-for-money.jpg,асимметрия
Dataset/Baroque/adriaen-van-ostade_a-man-in-the-window.jpg,асимметрия
Dataset/Baroque/adriaen-van-ostade_feasting-peasants-in-a-tavern.jpg,осевая
Dataset/Baroque/adriaen-van-ostade_landscape-with-an-old-oak.jpg,асимметрия
Dataset/Baroque/agostino-carracci_landscape-with-bathers-1599.jpg,асимметрия
Dataset/Baroque/agostino-carracci_portrait-of-a-woman-1599.jpg,осевая
Dataset/Baroque/aleksey-antropov_portrait-of-grand-duchess-catherine-alekseevna-future-empress-catherine-ii-the-great-1770.jpg,осевая
Dataset/Baroque/annibale-carracci_christ-in-glory-1598.jpg,осевая
Dataset/Baroque/anthony-van-dyck_a-meadow-surrounded-by-trees-1635.jpg,осевая
Dataset/Baroque/anthony-van-dyck_portrait-of-an-english-gentleman.jpg,осевая
Dataset/Baroque/anthony-van-dyck_rinaldo-and-armida-1629.jpg,асимметрия
Dataset/Baroque/bartolome-esteban-murillo_angel-holding-the-crown-of-thorns-1660.jpg,осевая
Dataset/Baroque/bartolome-esteban-murillo_the-holy-family-with-the-infant-st-john-the-baptist-1670.jpg,асимметрия
Dataset/Baroque/bernardo-strozzi_st-lawrence-distributing-the-riches-of-the-church.jpg,осевая
Dataset/Baroque/canaletto_capriccio-of-the-grand-canal-with-an-imaginary-rialto-bridge-and-other-buildings.jpg,осевая
Dataset/Baroque/canaletto_riva-degli-schiavoni-looking-east-1730.jpg,осевая
Dataset/Baroque/canaletto_st-mark-s-basin-1738.jpg,осевая
Dataset/Baroque/cornelis-norbertus-gysbrechts_nature-morte-aux-poissons-1667.jpg,осевая
Dataset/Baroque/esaias-van-de-velde_landscape-with-farmhouse-and-barn-on-stilts-at-a-water.jpg,осевая
Dataset/Baroque/esaias-van-de-velde_man-driving-a-donkey-towards-a-bridge.jpg,осевая
Dataset/Baroque/frans-hals_laughing-boy.jpg,осевая
Dataset/Baroque/frans-snyders_still-life-1639.jpg,асимметрия
Dataset/Baroque/frans-snyders_three-monkeys-stealing-fruit.jpg,асимметрия
Dataset/Baroque/gerrit-dou_portrait-of-a-woman-1646.jpg,осевая
Dataset/Baroque/guido-reni_the-rape-of-helen-1631.jpg,осевая
Dataset/Baroque/hercules-seghers_landscape-with-city-on-a-river-1629.jpg,осевая
Dataset/Baroque/jacob-isaakszoon-van-ruisdael_landscape-with-a-church-by-a-torrent-1670.jpg,асимметрия
Dataset/Baroque/jacob-isaakszoon-van-ruisdael_landscape-with-a-house-in-the-grove-1646.jpg,осевая
Dataset/Baroque/jacob-jordaens_adoration-of-the-magi.jpg,осевая
Dataset/Baroque/jacob-jordaens_the-rest-of-diana.jpg,асимметрия
Dataset/Baroque/jan-steen_a-village-wedding-feast-with-revellers-and-a-dancing-party.jpg,асимметрия
Dataset/Baroque/jan-steen_liveliest-1660.jpg,осевая
Dataset/Baroque/johannes-vermeer_the-girl-with-a-pearl-earring.jpg,осевая
Dataset/Baroque/le-nain-brothers_smokers-in-an-interior-1643.jpg,осевая
Dataset/Baroque/mario-nuzzi_adoraci-n-de-los-magos-en-una-guirnalda-de-flores-1654.jpg,осевая
Dataset/Baroque/mario-nuzzi_natura-morta-di-fiori-in-un-vaso.jpg,осевая
Dataset/Baroque/peter-paul-rubens_nicolas-rubens.jpg,осевая
Dataset/Baroque/peter-paul-rubens_perseus-freeing-andromeda.jpg,асимметрия
Dataset/Baroque/rembrandt_a-ragged-peasant-with-his-hands-behind-him-1635.jpg,осевая
Dataset/Baroque/theodoor-van-thulden_discord-expels-art-and-science.jpg,асимметрия
Dataset/Baroque/willem-kalf_still-life-with-a-nautilus-cup-1662.jpg,асимметрия
Dataset/Color_Field_Painting/ad-reinhardt_abstract-painting-red-1952.jpg,осевая
Dataset/Color_Field_Painting/afro_lunario-1974.jpg,асимметрия
Dataset/Color_Field_Painting/afro_santarossa-1974.jpg,асимметрия
Dataset/Color_Field_Painting/alfred-jensen_untitled-1960.jpg,асимметрия
Dataset/Color_Field_Painting/alma-woodsey-thomas_a-glimpse-of-mars-1969.jpg,асимметрия
Dataset/Color_Field_Painting/alma-woodsey-thomas_ressurection-1966.jpg,осевая
Dataset/Color_Field_Painting/andre-pierre-arnal_ficelage-1.jpg,асимметрия
Dataset/Color_Field_Painting/andre-pierre-arnal_pliage-folded-painting-1975.jpg,осевая
Dataset/Color_Field_Painting/anne-appleby_jasmine-2000.jpg,осевая
Dataset/Color_Field_Painting/anne-appleby_kinnikinnick-1997.jpg,осевая
Dataset/Color_Field_Painting/anne-truitt_signal-1965.jpg,асимметрия
Dataset/Color_Field_Painting/barnett-newman_canto-vii-1963.jpg,осевая
Dataset/Color_Field_Painting/barnett-newman_canto-xv-1964.jpg,осевая
Dataset/Color_Field_Painting/barnett-newman_seventh-station-1964.jpg,асимметрия
Dataset/Color_Field_Painting/barnett-newman_treble-1960.jpg,осевая
Dataset/Color_Field_Painting/ian-davenport_untitled-1995.jpg,осевая
Dataset/Color_Field_Painting/jose-guerrero_untitled-1985-2.jpg,асимметрия
Dataset/Contemporary_Realism/chuck-close_emma-2002.jpg,осевая
Dataset/Contemporary_Realism/chuck-close_phil-1976.jpg,осевая
Dataset/Contemporary_Realism/donald-sultan_apples-and-oranges-1987.jpg,осевая
Dataset/Contemporary_Realism/eric-fischl_corrida-in-ronda-no-1.jpg,асимметрия
Dataset/Contemporary_Realism/eric-fischl_so-she-moved-into-the-light.jpg,осевая
Dataset/Contemporary_Realism/fairfield-porter_amherst-campus-no-1-1969.jpg,осевая
Dataset/Contemporary_Realism/fairfield-porter_jane-and-elizabeth.jpg,осевая
Dataset/Contemporary_Realism/gilles-aillaud_pinguins-1971.jpg,асимметрия
Dataset/Contemporary_Realism/jamie-wyeth_if-once-you-have-slept-on-an-island-1996.jpg,асимметрия
Dataset/Contemporary_Realism/janet-fish_blue-decanter-polka-dot-bowl-suzani-2009.jpg,асимметрия
Dataset/Contemporary_Realism/john-miller_algarve-farm.jpg,асимметрия
Dataset/Contemporary_Realism/john-miller_majorcan-house.jpg,осевая
Dataset/Cubism/adolf-fleischmann_hommage-delaunay-et-gleizes-1938.jpg,асимметрия
Dataset/Cubism/albert-gleizes_composition-au-diapason.jpg,асимметрия
Dataset/Cubism/albert-gleizes_composition-for-jazz-1915.jpg,асимметрия
Dataset/Cubism/albert-gleizes_landscape-with-bridge-and-viaduct-1910.jpg,асимметрия
Dataset/Cubism/albert-gleizes_on-a-sailboat.jpg,асимметрия
Dataset/Cubism/albert-gleizes_portrait-de-jacques-nayral-1911.jpg,осевая
Dataset/Cubism/albert-gleizes_vers-le-port.jpg,асимметрия
Dataset/Cubism/alberto-magnelli_femme-la-blouse-jaune-1916.jpg,асимметрия
Dataset/Cubism/alekos-kontopoulos_armchair-1951.jpg,асимметрия
Dataset/Cubism/amadeo-de-souza-cardoso_a-mongol.jpg,асимметрия
Dataset/Cubism/amadeo-de-souza-cardoso_azenhas.jpg,асимметрия
Dataset/Cubism/amadeo-de-souza-cardoso_red-ocean-blue-1915.jpg,асимметрия
Dataset/Cubism/amadeo-de-souza-cardoso_sheperd.jpg,асимметрия
Dataset/Cubism/andre-derain_landscape-1907.jpg,осевая
Dataset/Cubism/andre-masson_prison-gray.jpg,осевая
Dataset/Cubism/andre-masson_woman-holding-a-bird.jpg,асимметрия
Dataset/Cubism/aristarkh-lentulov_self-portrait-1912.jpg,осевая
Dataset/Cubism/auguste-herbin_bridge-over-the-oise-to-vadencourt-1912.jpg,асимметрия
Dataset/Cubism/auguste-herbin_mill-at-saint-b-nin.jpg,асимметрия
Dataset/Cubism/auguste-herbin_still-life-1920.jpg,асимметрия
Dataset/Cubism/carlos-merida_estabilidad-en-dos-puntos-study.jpg,асимметрия
Dataset/Cubism/christian-schad_portrait-de-walter-serner-1916.jpg,осевая
Dataset/Cubism/corneliu-michailescu_harlequins.jpg,асимметрия
Dataset/Cubism/david-bomberg_vision-of-ezekiel-1912.jpg,асимметрия
Dataset/Cubism/eduardo-viana_rapaz-das-lou-as-1919.jpg,асимметрия
Dataset/Cubism/ernst-ludwig-kirchner_dancing-female-nude-gret-palucca.jpg,асимметрия
Dataset/Cubism/fernand-leger_composition-1920.jpg,асимметрия
Dataset/Cubism/fernand-leger_contrast-of-forms-1913.jpg,асимметрия
Dataset/Cubism/fernand-leger_men-in-the-city-1919.jpg,асимметрия
Dataset/Cubism/fernand-leger_pear-compotoir-1923.jpg,асимметрия
Dataset/Cubism/fernand-leger_skating-rink-drawing-of-the-curtain-of-scene-1921.jpg,асимметрия
Dataset/Cubism/fernand-leger_the-big-parade.jpg,асимметрия
Dataset/Cubism/franz-marc_small-composition-i-1913.jpg,асимметрия
Dataset/Cubism/franz-marc_small-composition-iii.jpg,асимметрия
Dataset/Cubism/franz-marc_the-dream-1912.jpg,асимметрия
Dataset/Cubism/franz-marc_two-horses-1912.jpg,асимметрия
Dataset/Cubism/georges-braque_a-pumpkin-1944.jpg,асимметрия
Dataset/Cubism/georges-braque_napkin-knife-and-pore-1908.jpg,асимметрия
Dataset/Cubism/gino-severini_a-dancer-1.jpg,асимметрия
Dataset/Cubism/gino-severini_still-life-centrifugal-expansion-of-colors-1916.jpg,асимметрия
Dataset/Cubism/juan-gris_fruit-bowl-pipe-and-newspaper.jpg,асимметрия
Dataset/Cubism/juan-gris_harlequin-with-violin.jpg,асимметрия
Dataset/Cubism/lajos-tihanyi_portrait-of-tristan-tzara-1927.jpg,асимметрия
Dataset/Cubism/louis-schanker_abstract-composition-1938.jpg,асимметрия
Dataset/Cubism/lyubov-popova_the-pianist.jpg,асимметрия
Dataset/Cubism/marc-chagall_composition-with-goat-1917.jpg,асимметрия
Dataset/Cubism/marevna-(marie-vorobieff)_hasidic-dance-during-the-celebration-of-hanukkah-1970.jpg,асимметрия
Dataset/Cubism/pablo-picasso_bust-of-young-woman-from-avignon-1907.jpg,асимметрия
Dataset/Cubism/pablo-picasso_head.jpg,асимметрия
Dataset/Cubism/pablo-picasso_skull-and-leeks-1945.jpg,асимметрия
Dataset/Cubism/paul-cezanne_house-and-trees-1894.jpg,осевая
Dataset/Cubism/roy-lichtenstein_still-life-after-picasso-1964.jpg,асимметрия
Dataset/Cubism/roy-lichtenstein_the-red-horseman-1974.jpg,асимметрия
Dataset/Cubism/stanley-pinker_a-self-portrait-as-a-cactus-in-search-of-a-new-muse.jpg,асимметрия
Dataset/Cubism/tarsila-do-amaral_a-boneca.jpg,асимметрия
Dataset/Cubism/vicente-manansala_the-musicians.jpg,осевая
Dataset/Early_Renaissance/andrea-del-castagno_crucifixion.jpg,осевая
Dataset/Early_Renaissance/andrea-del-castagno_farinata-degli-uberti.jpg,осевая
Dataset/Early_Renaissance/andrea-mantegna_adoration-of-the-magi-central-panel-from-the-altarpiece.jpg,асимметрия
Dataset/Early_Renaissance/andrea-mantegna_adoration-of-the-shepherds-1456.jpg,осевая
Dataset/Early_Renaissance/andrea-mantegna_madonna-and-child-with-cherubs-1490.jpg,осевая
Dataset/Early_Renaissance/andrea-mantegna_the-entombment-1475-1.jpg,асимметрия
Dataset/Early_Renaissance/andrea-mantegna_the-nativity-1490.jpg,асимметрия
Dataset/Early_Renaissance/bartolome-bermejo_christ-leading-the-patriarchs-to-the-paradise-1480.jpg,асимметрия
Dataset/Early_Renaissance/benozzo-gozzoli_the-dance-of-salome-1462.jpg,осевая
Dataset/Early_Renaissance/domenico-ghirlandaio_baptism-of-christ-1.jpg,осевая
Dataset/Early_Renaissance/domenico-ghirlandaio_the-birth-of-mary-1490.jpg,осевая
Dataset/Early_Renaissance/fra-angelico_adoration-of-the-magi-1.jpg,осевая
Dataset/Early_Renaissance/giovanni-bellini_the-agony-in-the-garden.jpg,асимметрия
Dataset/Early_Renaissance/luca-signorelli_madonna-and-child-with-saints-1.jpg,осевая
Dataset/Early_Renaissance/masaccio_madonna-casini.jpg,осевая
Dataset/Early_Renaissance/paolo-uccello_christ-on-cross-1438.jpg,осевая
Dataset/Early_Renaissance/paolo-uccello_the-adoration-of-the-kings.jpg,осевая
Dataset/Early_Renaissance/paolo-uccello_the-hunt-in-the-forest.jpg,осевая
Dataset/Early_Renaissance/paolo-uccello_victory-over-bernardino-della-ciarda-1438.jpg,осевая
Dataset/Early_Renaissance/pietro-perugino_moses-s-journey-into-egypt.jpg,осевая
Dataset/Early_Renaissance/sandro-botticelli_primavera-1478(1).jpg,осевая
Dataset/Early_Renaissance/sandro-botticelli_the-story-of-nastagio-degli-onesti-i-from-the-decameron-by-boccaccio-1483(1).jpg,осевая
Dataset/Early_Renaissance/sandro-botticelli_the-story-of-nastagio-degli-onesti-the-banquet-in-the-pine-forest-1483(1).jpg,осевая
Dataset/Early_Renaissance/sandro-botticelli_the-youth-moses-1482(1).jpg,осевая
Dataset/Early_Renaissance/sandro-botticelli_three-miracles-of-st-zenobius-1505(1).jpg,осевая
Dataset/Expressionism/abidin-dino_nomads-portrait-of-a-woman-1940.jpg,осевая
Dataset/Expressionism/abraham-manievich_autumn-day.jpg,асимметрия
Dataset/Expressionism/abraham-manievich_untitled-1925.jpg,осевая
Dataset/Expressionism/akseli-gallen-kallela_portrait-of-phyllis-sj-str-m-1914.jpg,асимметрия
Dataset/Expressionism/akseli-gallen-kallela_sunset-1899.jpg,осевая
Dataset/Expressionism/albert-bloch_blue-ravine.jpg,асимметрия
Dataset/Expressionism/albert-bloch_cityscape.jpg,асимметрия
Dataset/Expressionism/albert-bloch_for-clown-iv.jpg,асимметрия
Dataset/Expressionism/albert-bloch_houses-at-night.jpg,осевая
Dataset/Expressionism/albert-bloch_passing-train.jpg,асимметрия
Dataset/Expressionism/alexander-calder_portrait-of-a-man-1929.jpg,осевая
Dataset/Expressionism/amedeo-modigliani_andre-rouveyre-1915.jpg,осевая
Dataset/Expressionism/amedeo-modigliani_nude-looking-over-her-right-shoulder-1917.jpg,асимметрия
Dataset/Expressionism/andre-derain_deerstalking-1938.jpg,асимметрия
Dataset/Expressionism/andre-derain_orgiastic-women-1945.jpg,асимметрия
Dataset/Expressionism/arthur-segal_der-s-ndenfall.jpg,осевая
Dataset/Expressionism/arthur-segal_die-k-nigin-von-saba-1918.jpg,осевая
Dataset/Expressionism/arturo-souto_balloons.jpg,асимметрия
Dataset/Expressionism/arturo-souto_i-go-1934.jpg,осевая
Dataset/Expressionism/arturo-souto_war-scene-1937.jpg,асимметрия
Dataset/Expressionism/august-macke_anglers-on-the-rhine.jpg,осевая
Dataset/Expressionism/boris-grigoriev_sunflowers-1919.jpg,асимметрия
Dataset/Expressionism/chaim-soutine_ceret-landscape-1.jpg,осевая
Dataset/Expressionism/chaim-soutine_landscape-of-cagnes.jpg,асимметрия
Dataset/Expressionism/dimitris-mytaras_girl-with-angels.jpg,осевая
Dataset/Expressionism/dimitris-mytaras_nude.jpg,асимметрия
Dataset/Expressionism/dimitris-mytaras_untitled(4).jpg,асимметрия
Dataset/Expressionism/edvard-munch_the-scream-1893(1).jpg,асимметрия
Dataset/Expressionism/ernst-ludwig-kirchner_three-nudes.jpg,асимметрия
Dataset/Expressionism/ernst-ludwig-kirchner_two-women-at-a-couch.jpg,асимметрия
Dataset/Expressionism/frank-auerbach_working-drawing-for-primrose-hill-1.jpg,асимметрия
Dataset/Expressionism/george-bouzianis_still-life-with-fruit-and-pans-1929.jpg,асимметрия
Dataset/Expressionism/horia-bernea_ancient-romanian-landscape-ii-1999.jpg,осевая
Dataset/Expressionism/ion-tuculescu_totems-on-the-morning-road.jpg,осевая
Dataset/Expressionism/johannes-sveinsson-kjarval_lava-at-bessastadir-1954.jpg,асимметрия
Dataset/Expressionism/jury-annenkov_illustration-to-aleksander-blok-s-poem-the-twelve-1918-6.jpg,асимметрия
Dataset/Expressionism/m.c.-escher_self-portrait-in-a-chair.jpg,асимметрия
Dataset/Expressionism/martiros-saryan_autumn-flowers-and-fruits-1939.jpg,осевая
Dataset/Expressionism/oskar-kokoschka_dolomite-landscape-tre-croci.jpg,осевая
Dataset/Expressionism/paul-klee_clouds-over-bor-1940(1).jpg,асимметрия
Dataset/Expressionism/paul-klee_small-landscape-with-the-village-church-1925(1).jpg,асимметрия
Dataset/Expressionism/pierre-alechinsky_stars-and-disasters-astres-et-d-sastres-1969-1(6).jpg,осевая
Dataset/Expressionism/spyros-papaloukas_abbey-koutloumousiou-1924.jpg,асимметрия
Dataset/Expressionism/spyros-papaloukas_view-from-karyes-of-holy-mountain-1924.jpg,осевая
Dataset/Expressionism/toyen_a-girl-sleeping-under-the-stars-1944.jpg,асимметрия
Dataset/Expressionism/vasile-kazar_unknown-title(98).jpg,асимметрия
Dataset/Expressionism/zinaida-serebriakova_portrait-of-the-artist-s-daughter-1934.jpg,осевая
Dataset/Expressionism/zinaida-serebriakova_still-life-with-cauliflower-and-vegetables-1936.jpg,осевая
Dataset/Fauvism/abraham-manievich_artist-s-wife-1937.jpg,асимметрия
Dataset/Fauvism/albert-marquet_fruit-knife-and-napkin-1898.jpg,осевая
Dataset/Fauvism/alberto-magnelli_man-smoking-1914.jpg,асимметрия
Dataset/Fauvism/alberto-magnelli_the-cafe-1914.jpg,асимметрия
Dataset/Fauvism/armand-guillaumin_rochers-sur-la-c-te-agay-1907.jpg,осевая
Dataset/Fauvism/bela-czobel_szentendre-with-the-danube.jpg,осевая
Dataset/Fauvism/charles-lapicque_paysage-en-castille-1973.jpg,осевая
Dataset/Fauvism/georges-braque_little-bay-at-la-ciotat-1907.jpg,осевая
Dataset/Fauvism/ilya-mashkov_still-life-flowers-in-a-vase-with-tray.jpg,осевая
Dataset/Fauvism/jean-metzinger_le-flamant-rose-et-le-voilier-1907.jpg,осевая
Dataset/Fauvism/joan-miro_portrait-of-juanita-obrador.jpg,осевая
Dataset/Fauvism/milton-avery_checker-players-1943.jpg,осевая
Dataset/Fauvism/pyotr-konchalovsky_still-life-with-red-gladioli-1915.jpg,осевая
Dataset/Fauvism/walasse-ting_i-love-chrysanthemums-2000.jpg,осевая
Dataset/High_Renaissance/andrea-del-sarto_christ-at-the-scourge-column.jpg,осевая
Dataset/High_Renaissance/andrea-del-sarto_madonna-and-child-with-st-john-the-baptist.jpg,осевая
Dataset/High_Renaissance/andrea-mantegna_adoration-of-the-magi-1500.jpg,осевая
Dataset/High_Renaissance/correggio_adoration-of-the-magi-1517(2).jpg,осевая
Dataset/High_Renaissance/correggio_four-saints-from-left-st-peter-st-martha-st-mary-magdalene-st-leonard-1517.jpg,осевая
Dataset/High_Renaissance/leonardo-da-vinci_madonna-litta-madonna-and-the-child(1).jpg,осевая
Dataset/High_Renaissance/lorenzo-lotto_angel-collecting-blood-from-the-wounds-of-christ-1543.jpg,осевая
Dataset/High_Renaissance/lorenzo-lotto_christ-s-farewell-to-mary-1521.jpg,осевая
Dataset/High_Renaissance/lorenzo-lotto_madonna-with-a-bishop-and-st-onuphrius-1508.jpg,осевая
Dataset/High_Renaissance/lorenzo-lotto_portrait-of-febo-da-brescia-1544.jpg,осевая
Dataset/High_Renaissance/michelangelo_the-conversion-of-saul-1545.jpg,осевая
Dataset/High_Renaissance/raphael_madonna-in-the-meadow-1506.jpg,осевая
Dataset/High_Renaissance/raphael_miraculous-draught-of-fishes.jpg,асимметрия
Dataset/High_Renaissance/titian_bacchanal-1524.jpg,осевая
Dataset/High_Renaissance/vittore-carpaccio_the-virgin-reading-1510.jpg,осевая
Dataset/Impressionism/abdullah-suriosubroto_indonesian-landscape-2.jpg,осевая
Dataset/Impressionism/abdullah-suriosubroto_indonesian-landscape.jpg,осевая
Dataset/Impressionism/abraham-manievich_house-workers-in-the-bronx.jpg,осевая
Dataset/Impressionism/abraham-manievich_still-life-1930.jpg,осевая
Dataset/Impressionism/adam-baltatu_houses-in-ha-i.jpg,асимметрия
Dataset/Impressionism/alfred-sisley_abandoned-house.jpg,осевая
Dataset/Impressionism/amadeo-de-souza-cardoso_gypsies-1910.jpg,осевая
Dataset/Impressionism/amadeo-de-souza-cardoso_landscape-1910.jpg,осевая
Dataset/Impressionism/antoine-blanchard_arc-de-triomphe-2.jpg,осевая
Dataset/Impressionism/antoine-blanchard_caf-de-la-paix-opera-3.jpg,осевая
Dataset/Impressionism/berthe-morisot_a-corner-of-the-rose-garden.jpg,осевая
Dataset/Impressionism/berthe-morisot_young-girls-at-the-window-1892.jpg,осевая
Dataset/Impressionism/berthe-morisot_young-woman-in-mauve.jpg,осевая
Dataset/Impressionism/camille-pissarro_harvesting-potatos.jpg,асимметрия
Dataset/Impressionism/camille-pissarro_varengeville-sunset-1899.jpg,осевая
Dataset/Impressionism/childe-hassam_at-the-grand-prix.jpg,осевая
Dataset/Impressionism/childe-hassam_columbian-exposition-chicago.jpg,осевая
Dataset/Impressionism/childe-hassam_the-harbor-of-a-thousand-masts-gloucester.jpg,осевая
Dataset/Impressionism/childe-hassam_the-white-dory.jpg,осевая
Dataset/Impressionism/claude-monet_charing-cross-bridge-1903.jpg,осевая
Dataset/Impressionism/claude-monet_the-japanese-bridge.jpg,осевая
Dataset/Impressionism/edgar-degas_two-dancers-on-a-bench.jpg,осевая
Dataset/Impressionism/eugene-boudin_beach-scene-at-trouville-1.jpg,осевая
Dataset/Impressionism/gregoire-boonzaier_self-portrait-1996.jpg,осевая
Dataset/Impressionism/isaac-levitan_landscape-with-a-convent.jpg,осевая
Dataset/Impressionism/james-mcneill-whistler_gold-and-brown-dordrecht.jpg,осевая
Dataset/Impressionism/jean-metzinger_clairiere-1903.jpg,осевая
Dataset/Impressionism/joaquтФЬ╨│тФм╨╜n-sorolla_beach-at-valencia-1908.jpg,осевая
Dataset/Impressionism/john-henry-twachtman_tiger-lilies.jpg,асимметрия
Dataset/Impressionism/konstantin-korovin_gurzuf-1915-1.jpg,осевая
Dataset/Impressionism/konstantin-korovin_portrait-of-nadezhda-komarovskaya-1908.jpg,осевая
Dataset/Impressionism/lovis-corinth_the-violinist-1900.jpg,осевая
Dataset/Impressionism/lovis-corinth_the-walchensee-silberweg-1923.jpg,асимметрия
Dataset/Impressionism/lucian-grigorescu_peisaj-din-martigues-1932.jpg,осевая
Dataset/Impressionism/mary-cassatt_head-of-sara-in-a-bonnet-looking-left-1901.jpg,осевая
Dataset/Impressionism/maurice-prendergast_children-at-the-beach.jpg,осевая
Dataset/Impressionism/nicolae-grigorescu_peasant-sewing-by-the-window.jpg,осевая
Dataset/Impressionism/paul-gauguin_the-vase-of-peonies-1884.jpg,осевая
Dataset/Impressionism/peder-severin-kroyer_portrait-of-the-artist-s-wife-marie-1889.jpg,осевая
Dataset/Impressionism/pierre-auguste-renoir_ball-at-the-moulin-de-la-galette-1876(1).jpg,осевая
Dataset/Impressionism/pierre-auguste-renoir_cagnes-landscape-2.jpg,осевая
Dataset/Impressionism/pierre-auguste-renoir_landscape-4.jpg,осевая
Dataset/Impressionism/pierre-auguste-renoir_landscape-with-red-roofs.jpg,осевая
Dataset/Impressionism/pierre-auguste-renoir_pears-and-apples-1890.jpg,асимметрия
Dataset/Impressionism/pierre-auguste-renoir_portrait-of-a-young-woman-1876.jpg,осевая
Dataset/Impressionism/pierre-auguste-renoir_tama-the-japanese-dog.jpg,осевая
Dataset/Impressionism/pierre-auguste-renoir_young-woman-seated.jpg,осевая
Dataset/Impressionism/piet-mondrian_along-the-amstel-1903.jpg,осевая
Dataset/Impressionism/robert-julian-onderdonk_field-of-bluebonnets.jpg,осевая
Dataset/Impressionism/t.-c.-steele_selma-in-the-garden.jpg,осевая
Dataset/Impressionism/vasile-popescu_houses-in-prahova-valley-1942.jpg,осевая
Dataset/Impressionism/willard-metcalf_buttercup-time.jpg,осевая
Dataset/Impressionism/zinaida-serebriakova_winter-landscape-neskuchnoye-1910.jpg,осевая
Dataset/Mannerism_Late_Renaissance/agnolo-bronzino_portrait-of-a-sculptor.jpg,осевая
Dataset/Mannerism_Late_Renaissance/giorgio-vasari_madonna.jpg,осевая
Dataset/Mannerism_Late_Renaissance/giorgio-vasari_self-portrait-1568(1).jpg,осевая
Dataset/Mannerism_Late_Renaissance/giuseppe-arcimboldo_autumn-1573(1).jpg,осевая
Dataset/Mannerism_Late_Renaissance/giuseppe-arcimboldo_flora-1588(1).jpg,осевая
Dataset/Mannerism_Late_Renaissance/gregorio-lopes_cristo-no-horto-1539.jpg,осевая
Dataset/Mannerism_Late_Renaissance/hans-von-aachen_allegory-on-the-declaration-of-war-before-constantinople-1604.jpg,осевая
Dataset/Mannerism_Late_Renaissance/hans-von-aachen_portrait-of-joseph-heintz-1585.jpg,осевая
Dataset/Mannerism_Late_Renaissance/hans-von-aachen_the-judgment-of-paris-1588.jpg,осевая
Dataset/Mannerism_Late_Renaissance/jacopo-pontormo_portrait-of-a-lady-in-red-dress.jpg,асимметрия
Dataset/Mannerism_Late_Renaissance/jacopo-pontormo_the-holy-family.jpg,асимметрия
Dataset/Mannerism_Late_Renaissance/paolo-veronese_conversion-of-mary-magdalene.jpg,осевая
Dataset/Mannerism_Late_Renaissance/paolo-veronese_martyrdom-of-saint-justina-1575.jpg,асимметрия
Dataset/Mannerism_Late_Renaissance/tintoretto_portrait-of-a-man-aged-twenty-six-1547.jpg,осевая
Dataset/Mannerism_Late_Renaissance/tintoretto_the-conversion-of-saul.jpg,асимметрия
Dataset/Minimalism/agnes-martin_happy-holiday-1999.jpg,осевая
Dataset/Minimalism/brice-marden_for-pearl-1970(1).jpg,осевая
Dataset/Minimalism/bruce-nauman_five-marching-men-1985.jpg,осевая
Dataset/Minimalism/ellsworth-kelly_square-form-1951.jpg,асимметрия
Dataset/Minimalism/jiro-yoshihara_untitled-1966.jpg,осевая
Dataset/Minimalism/robert-mangold_within-red-yellow-orange-1981.jpg,осевая
Dataset/Naive_Art_Primitivism/aldemir-martins_baiana-1980.jpg,осевая
Dataset/Naive_Art_Primitivism/aldemir-martins_yellow-cat-and-flowers-2002.jpg,осевая
Dataset/Naive_Art_Primitivism/andre-bauchant_promenade-au-bord-de-la-mer-rencontre-des-fianc-s-1928.jpg,осевая
Dataset/Naive_Art_Primitivism/andre-derain_golden-age.jpg,осевая
Dataset/Naive_Art_Primitivism/antonio-ligabue_leopard-with-tapir.jpg,осевая
Dataset/Naive_Art_Primitivism/antonio-ligabue_self-portrait(1).jpg,осевая
Dataset/Naive_Art_Primitivism/david-burliuk_milkmade-with-cow.jpg,асимметрия
Dataset/Naive_Art_Primitivism/fernand-leger_acrobats-and-clowns-1950.jpg,осевая
Dataset/Naive_Art_Primitivism/fernand-leger_builder-character-in-the-framework.jpg,асимметрия
Dataset/Naive_Art_Primitivism/fernand-leger_stalingrad-2.jpg,асимметрия
Dataset/Naive_Art_Primitivism/fernando-botero_mona-lisa.jpg,осевая
Dataset/Naive_Art_Primitivism/fernando-botero_still-life-with-watermelon.jpg,осевая
Dataset/Naive_Art_Primitivism/fernando-botero_the-musicians-1.jpg,осевая
Dataset/Naive_Art_Primitivism/fred-yates_river-landscape.jpg,осевая
Dataset/Naive_Art_Primitivism/henri-rousseau_exotic-landscape-1908.jpg,осевая
Dataset/Naive_Art_Primitivism/henri-rousseau_the-muse-inspiring-the-poet-1909-1.jpg,осевая
Dataset/Naive_Art_Primitivism/joan-miro_mont-roig-vineyards-and-olive-tree.jpg,осевая
Dataset/Naive_Art_Primitivism/louis-vivin_quai-aux-fleurs.jpg,осевая
Dataset/Naive_Art_Primitivism/marc-chagall_illustration-for-louis-aragon-s-work-one-who-says-things-without-saying-anything-1976-10.jpg,осевая
Dataset/Naive_Art_Primitivism/marc-chagall_moses-received-the-tablets-of-law.jpg,асимметрия
Dataset/Naive_Art_Primitivism/maria-primachenko_a-cow-like-that-gives-5-000-liters-a-day-1978.jpg,асимметрия
Dataset/Naive_Art_Primitivism/maria-primachenko_corncob-horse-in-outer-space-1978.jpg,осевая
Dataset/Naive_Art_Primitivism/maria-primachenko_years-of-my-youth-come-visit-me-1969.jpg,осевая
Dataset/Naive_Art_Primitivism/martiros-saryan_illustration-to-armenian-folk-tales-1937-6.jpg,осевая
Dataset/Naive_Art_Primitivism/olga-rozanova_cabby.jpg,асимметрия
Dataset/Naive_Art_Primitivism/pablo-picasso_seated-francoise-with-blue-dress-1949.jpg,осевая
Dataset/New_Realism/edward-hopper_adobe-houses.jpg,осевая
Dataset/New_Realism/edward-hopper_cape-cod-afternoon.jpg,осевая
Dataset/New_Realism/edward-hopper_elizabeth-griffiths-smith-hopper-the-artist-s-mother-1916.jpg,осевая
Dataset/New_Realism/edward-hopper_lighthouse-and-buildings-portland-head-cape-elizabeth-maine-1927.jpg,осевая
Dataset/New_Realism/edward-hopper_sunlight-on-brownstones.jpg,осевая
Dataset/New_Realism/john-french-sloan_chinese-restaurant-1909.jpg,осевая
Dataset/New_Realism/john-french-sloan_humoresque-1915.jpg,асимметрия
Dataset/New_Realism/michael-bell_unfinished-business-2010.jpg,асимметрия
Dataset/Northern_Renaissance/albrecht-altdorfer_calvary-1526.jpg,осевая
Dataset/Northern_Renaissance/albrecht-altdorfer_christ-taking-leave-of-his-mother-1520.jpg,осевая
Dataset/Northern_Renaissance/albrecht-altdorfer_friedrich-der-siegreiche.jpg,осевая
Dataset/Northern_Renaissance/albrecht-altdorfer_holy-family-with-an-angel-1515.jpg,осевая
Dataset/Northern_Renaissance/albrecht-durer_apostle-1.jpg,осевая
Dataset/Northern_Renaissance/albrecht-durer_christ-crowned-with-thorns-1512.jpg,осевая
Dataset/Northern_Renaissance/albrecht-durer_lamentation-for-christ-1503.jpg,осевая
Dataset/Northern_Renaissance/albrecht-durer_madonna-nursing-1519.jpg,осевая
Dataset/Northern_Renaissance/albrecht-durer_portrait-of-a-man-konrad-peutinger.jpg,осевая
Dataset/Northern_Renaissance/albrecht-durer_twelve-year-old-jesus-in-the-temple-1497.jpg,осевая
Dataset/Northern_Renaissance/dirk-bouts_justice-of-the-emperor-otto-the-ordeal-by-fire-1475.jpg,осевая
Dataset/Northern_Renaissance/hans-memling_virgin-and-child-with-musician-angels.jpg,осевая
Dataset/Northern_Renaissance/hieronymus-bosch_the-garden-of-earthly-delights-1.jpg,асимметрия
Dataset/Northern_Renaissance/hugo-van-der-goes_the-portinari-tryptich-middle-panel-1478.jpg,осевая
Dataset/Northern_Renaissance/joachim-patinir_temptation-of-st-anthony.jpg,осевая
Dataset/Northern_Renaissance/joachim-wtewael_the-judgment-of-paris-1615.jpg,осевая
Dataset/Northern_Renaissance/konrad-witz_st-catherine-of-alexandria.jpg,осевая
Dataset/Northern_Renaissance/lucas-cranach-the-elder_christ-and-the-adulteress-1520.jpg,осевая
Dataset/Northern_Renaissance/martin-schongauer_entombment-copperplate.jpg,осевая
Dataset/Northern_Renaissance/pieter-bruegel-the-elder_charity-1.jpg,осевая
Dataset/Northern_Renaissance/pieter-bruegel-the-elder_christ-carrying-the-cross-1564.jpg,осевая
Dataset/Northern_Renaissance/rogier-van-der-weyden_lamentation-1441.jpg,осевая
Dataset/Pointillism/andre-derain_boats-at-collioure-1905.jpg,асимметрия
Dataset/Pointillism/andre-derain_effect-of-sun-on-the-water-london-1906.jpg,осевая
Dataset/Pointillism/auguste-herbin_the-roofs-of-paris-in-the-snow-1902.jpg,осевая
Dataset/Pointillism/camille-pissarro_sunset-at-sent-charlez-eragny-1891.jpg,осевая
Dataset/Pointillism/georges-lacombeтФЬ╨▓тФм╨░_some-waves.jpg,асимметрия
Dataset/Pointillism/georges-lemmen_picking-fruit.jpg,осевая
Dataset/Pointillism/georges-seurat_the-couple-1884.jpg,осевая
Dataset/Pointillism/georges-seurat_the-seine-at-la-grande-jatte-in-the-spring-1888.jpg,осевая
Dataset/Pointillism/henri-edmond-cross_an-incoming-storm-1908.jpg,осевая
Dataset/Pointillism/henri-martin_sewing-in-the-garden-at-marquayrol.jpg,осевая
Dataset/Pointillism/henri-matisse_still-life-10.jpg,осевая
Dataset/Pointillism/nicolae-darascu_seaside-houses-1933.jpg,асимметрия
Dataset/Pop_Art/aki-kuroda_cosmogarden-2011.jpg,осевая
Dataset/Pop_Art/aldo-mondino_byron-1989.jpg,осевая
Dataset/Pop_Art/allan-darcangelo_landscape-bb-1974.jpg,асимметрия
Dataset/Pop_Art/andy-warhol_eggs-1982.jpg,асимметрия
Dataset/Pop_Art/andy-warhol_flowers-3.jpg,осевая
Dataset/Pop_Art/andy-warhol_ingrid-bergman-as-herself-2.jpg,осевая
Dataset/Pop_Art/andy-warhol_liz-taylor.jpg,осевая
Dataset/Pop_Art/antonio-palolo_h-rrido-o-sil-ncio-do-teu-corpo-1966.jpg,осевая
Dataset/Pop_Art/audrey-flack_wheel-of-fortune-1978.jpg,асимметрия
Dataset/Pop_Art/charles-lapicque_l-homme-et-l-armure-1969.jpg,осевая
Dataset/Pop_Art/charles-lapicque_mythologie-marine-1987.jpg,осевая
Dataset/Pop_Art/conrad-marca-relli_the-meeting-place-1982.jpg,осевая
Dataset/Pop_Art/erro_hommage-l-ger-1985.jpg,не_определено
Dataset/Pop_Art/patrick-caulfield_greece-expiring-on-the-ruins-of-missolonghi-after-delacroix-1963.jpg,осевая
Dataset/Pop_Art/r.-b.-kitaj_the-autumn-of-central-paris.jpg,асимметрия
Dataset/Post_Impressionism/a.y.-jackson_barns-1926.jpg,осевая
Dataset/Post_Impressionism/a.y.-jackson_st-john-s-newfoundland-1951.jpg,осевая
Dataset/Post_Impressionism/abraham-manievich_early-spring-1913.jpg,осевая
Dataset/Post_Impressionism/abraham-manievich_town-scene-with-bus-stop.jpg,осевая
Dataset/Post_Impressionism/abraham-manievich_village-landscape.jpg,осевая
Dataset/Post_Impressionism/albert-gleizes_portrait-de-miss-bessie-baver.jpg,осевая
Dataset/Post_Impressionism/albert-marquet_assouan-morning.jpg,осевая
Dataset/Post_Impressionism/alexandre-benois_versailles-mirror-at-trianon(2).jpg,осевая
Dataset/Post_Impressionism/amrita-sher-gil_village-scene-1938.jpg,осевая
Dataset/Post_Impressionism/anna-ostroumova-lebedeva_pavlovsk-rozopavilonny-pond.jpg,осевая
Dataset/Post_Impressionism/asgrimur-jonsson_mt-n-mafjall-in-n-iceland-1951.jpg,осевая
Dataset/Post_Impressionism/bela-czobel_in-the-garden.jpg,осевая
Dataset/Post_Impressionism/charles-reiffel_summer-design-1917.jpg,осевая
Dataset/Post_Impressionism/constantin-piliuta_musicians.jpg,осевая
Dataset/Post_Impressionism/constantine-maleas_landscape-of-attica-1920.jpg,осевая
Dataset/Post_Impressionism/david-burliuk_flowers-near-the-sea-1949.jpg,осевая
Dataset/Post_Impressionism/david-burliuk_villa-of-w-r-wagner-1962.jpg,осевая
Dataset/Post_Impressionism/edouard-cortes_boulevard-de-la-madeleine-winter-1.jpg,осевая
Dataset/Post_Impressionism/edouard-vuillard_mother-and-child.jpg,осевая
Dataset/Post_Impressionism/edouard-vuillard_self-portrait-1.jpg,осевая
Dataset/Post_Impressionism/ferdinand-hodler_lake-geneva-from-chexbres-1904.jpg,осевая
Dataset/Post_Impressionism/francisc-sirato_femeie-ez-nd.jpg,осевая
Dataset/Post_Impressionism/vincent-van-gogh_olive-grove-1889.jpg,осевая
Dataset/Post_Impressionism/vincent-van-gogh_the-starry-night-1889(1).jpg,осевая
Dataset/Post_Impressionism/vincent-van-gogh_vase-with-flieder-margerites-und-anemones-1887.jpg,осевая
Dataset/Post_Impressionism/vincent-van-gogh_wheat-field-with-cypresses-1889.jpg,осевая
Dataset/Post_Impressionism/vladimir-dimitrov_unknown-title-27.jpg,осевая
Dataset/Post_Impressionism/william-h.-johnson_mountain-blossoms-volda-1937(1).jpg,осевая
Dataset/Realism/aleksey-savrasov_after-the-rain.jpg,осевая
Dataset/Realism/aleksey-savrasov_country-road-1873.jpg,осевая
Dataset/Realism/aleksey-savrasov_early-spring-flood-1868.jpg,осевая
Dataset/Realism/aleksey-savrasov_rafts-1868.jpg,осевая
Dataset/Realism/aleksey-savrasov_round-dance-in-the-village-1874.jpg,осевая
Dataset/Realism/alexey-bogolyubov_battle-of-osel-island-1866.jpg,осевая
Dataset/Realism/alexey-venetsianov_cartomancy.jpg,осевая
Dataset/Realism/alexey-venetsianov_girl-in-a-kerchief.jpg,осевая
Dataset/Realism/arkhip-kuindzhi_cloud-1895.jpg,осевая
Dataset/Realism/boris-kustodiev_mercahnt-s-wife-1915.jpg,осевая
Dataset/Realism/boris-kustodiev_scetch-for-ostrovsky-s-wolves-and-sheep-1915.jpg,осевая
Dataset/Realism/camille-corot_farmer-kneeling-picking-dandelions.jpg,осевая
Dataset/Realism/camille-corot_view-at-riva-italian-tyrol-1834.jpg,осевая
Dataset/Realism/charles-francois-daubigny_ducklings-in-a-river-landscape-1874.jpg,осевая
Dataset/Realism/david-burliuk_a-lakeshore-1953.jpg,осевая
Dataset/Realism/frits-thaulow_winter.jpg,осевая
Dataset/Realism/georgios-jakobides_peek-a-boo.jpg,осевая
Dataset/Realism/giovanni-boldini_portrait-of-madame-juillard-in-red-1912.jpg,осевая
Dataset/Realism/gregoire-boonzaier_still-life-with-tulips-1937.jpg,осевая
Dataset/Realism/helene-schjerfbeck_picking-bluebells.jpg,осевая
Dataset/Realism/henri-fantin-latour_carnations-in-a-champagne-glass-1874.jpg,осевая
Dataset/Realism/ilya-repin_ballet-scene-1875.jpg,осевая
Dataset/Realism/ilya-repin_zaporozhtsy.jpg,осевая
Dataset/Realism/isaac-levitan_a-yard.jpg,осевая
Dataset/Realism/isaac-levitan_autumn-1895.jpg,осевая
Dataset/Realism/isaac-levitan_gray-day-1895.jpg,осевая
Dataset/Realism/ivan-kramskoy_village-yard-in-france-1876.jpg,осевая
Dataset/Realism/ivan-shishkin_forest-before-the-storm-1872.jpg,осевая
Dataset/Realism/james-tissot_a-widow.jpg,осевая
Dataset/Realism/james-tissot_young-lady-in-a-boat.jpg,осевая
Dataset/Realism/jean-francois-millet_the-nun-s-parrot-1840.jpg,осевая
Dataset/Realism/johan-hendrik-weissenbruch_view-at-geestbrug.jpg,осевая
Dataset/Realism/john-singer-sargent_mrs-colin-hunter-1896.jpg,осевая
Dataset/Realism/julius-leblanc-stewart_sarah-bernhardt-and-christine-nilsson-1883(1).jpg,осевая
Dataset/Realism/konstantin-makovsky_child-funeral.jpg,осевая
Dataset/Realism/konstantin-makovsky_grandfather-stories.jpg,осевая
Dataset/Realism/m.c.-escher_ravello-iii.jpg,асимметрия
Dataset/Realism/martiros-saryan_portrait-of-a-ballerina-galina-ulanova-1940.jpg,осевая
Dataset/Realism/mihaly-munkacsy_still-life-with-flowers-and-fruits-1882.jpg,осевая
Dataset/Realism/nikolay-bogdanov-belsky_country-boys.jpg,осевая
Dataset/Realism/odilon-redon_large-bouquet-of-wild-flowers.jpg,осевая
Dataset/Realism/pablo-picasso_self-portrait.jpg,осевая
Dataset/Realism/peder-severin-kroyer_st-john-s-eve-bonfire-on-skagen-s-beach-1906.jpg,осевая
Dataset/Realism/pyotr-konchalovsky_apple-tree-in-bloom-1937.jpg,осевая
Dataset/Realism/theo-van-rysselberghe_the-children-of-francois-van-rysselberghe-1885.jpg,осевая
Dataset/Realism/theodore-rousseau_not_detected_198942.jpg,осевая
Dataset/Realism/thomas-eakins_portrait-of-mrs-w-h-bowden-1906.jpg,осевая
Dataset/Realism/vasily-perov_court-pugacheva.jpg,осевая
Dataset/Realism/vasily-perov_portrait-of-feodosya-resanova-1868.jpg,осевая
Dataset/Realism/vasily-polenov_oka-valley-1902.jpg,осевая
Dataset/Realism/vasily-surikov_cossacks-in-boat-study-to-the-conquest-of-siberia-by-yermak.jpg,осевая
Dataset/Realism/vincent-van-gogh_country-churchyard-and-old-church-tower-1885(1).jpg,осевая
Dataset/Realism/vincent-van-gogh_head-of-a-woman-16.jpg,осевая
Dataset/Realism/vincent-van-gogh_peasant-woman-with-a-bucket-1885.jpg,осевая
Dataset/Realism/vladimir-makovsky_midday-sun-1881.jpg,осевая
Dataset/Realism/vladimir-makovsky_the-collapse-of-a-bank-1881.jpg,осевая
Dataset/Realism/william-adolphe-bouguereau_assault-1898.jpg,осевая
Dataset/Realism/william-adolphe-bouguereau_head-study-of-female-face-blonde-1898.jpg,осевая
Dataset/Realism/william-adolphe-bouguereau_ladmiration-1897.jpg,осевая
Dataset/Realism/winslow-homer_breezing-up-a-fair-wind-1876.jpg,осевая
Dataset/Rococo/allan-ramsay_charlotte-sophia-of-mecklenburg-strelitz-1762.jpg,осевая
Dataset/Rococo/allan-ramsay_king-george-iii.jpg,осевая
Dataset/Rococo/allan-ramsay_queen-charlotte.jpg,осевая
Dataset/Rococo/antoine-watteau_a-love-festival.jpg,асимметрия
Dataset/Rococo/antoine-watteau_party-in-the-open-air-1718.jpg,осевая
Dataset/Rococo/antoine-watteau_peaceful-love.jpg,осевая
Dataset/Rococo/bernardo-bellotto_view-of-dresden-from-the-right-bank-of-the-elbe-with-the-augustus-bridge-1748.jpg,осевая
Dataset/Rococo/canaletto_a-regatta-on-the-grand-canal.jpg,осевая
Dataset/Rococo/dmitry-levitzky_maria-pavlovna.jpg,осевая
Dataset/Rococo/francois-boucher_geniuses-of-arts-1761.jpg,асимметрия
Dataset/Rococo/francois-boucher_st-peter-invited-to-walk-on-the-water-1766.jpg,осевая
Dataset/Rococo/francois-boucher_the-rising-of-the-sun-1753.jpg,осевая
Dataset/Rococo/george-morland_a-visit-to-the-boarding-school-1788.jpg,осевая
Dataset/Rococo/george-morland_the-cottage-door-1790.jpg,осевая
Dataset/Rococo/george-morland_the-roadside-inn-1792.jpg,осевая
Dataset/Rococo/giovanni-battista-tiepolo_crown-of-thorns.jpg,осевая
Dataset/Rococo/giovanni-battista-tiepolo_the-death-of-hyacinthus.jpg,осевая
Dataset/Rococo/giovanni-domenico-tiepolo_rinaldo-leaving-the-garden-of-armida.jpg,осевая
Dataset/Rococo/jean-baptiste-oudry_still-life-with-a-violin-a-recorder-books-a-portfolio-of-sheet-of-music-peaches-and-grapes-on-a.jpg,осевая
Dataset/Rococo/jean-honore-fragonard_blind-man-s-buff-1776.jpg,осевая
Dataset/Rococo/jean-marc-nattier_mademoiselle-de-clermont-as-a-sultana-1733.jpg,осевая
Dataset/Rococo/joshua-reynolds_lady-jane-halliday.jpg,осевая
Dataset/Rococo/joshua-reynolds_the-infant-academy.jpg,осевая
Dataset/Rococo/louise-elisabeth-vigee-le-brun_the-marquise-de-pezay-and-the-marquise-de-roug-with-her-sons-alexis-and-adrien-1787.jpg,осевая
Dataset/Rococo/pietro-longhi_women-sewing.jpg,осевая
Dataset/Rococo/vladimir-borovikovsky_portrait-of-m-i-lopukhina-1797.jpg,осевая
Dataset/Rococo/william-hogarth_wanstead-assembly-at-wanstead_-house.jpg,осевая
Dataset/Romanticism/adolphe-joseph-thomas-monticelli_an-evening-at-the-paiva.jpg,осевая
Dataset/Romanticism/adolphe-joseph-thomas-monticelli_bouquet-of-flowers.jpg,осевая
Dataset/Romanticism/adolphe-joseph-thomas-monticelli_empress-eugenie-and-her-attendants.jpg,осевая
Dataset/Romanticism/adolphe-joseph-thomas-monticelli_port-of-cassis-1884.jpg,осевая
Dataset/Romanticism/adolphe-joseph-thomas-monticelli_the-adoration-of-the-magi.jpg,осевая
Dataset/Romanticism/albert-bierstadt_fishing-from-a-canoe-1859.jpg,осевая
Dataset/Romanticism/albert-bierstadt_the-ambush-1876.jpg,осевая
Dataset/Romanticism/alexander-shilov_olga-leznik-1996.jpg,осевая
Dataset/Romanticism/alexey-bogolyubov_st-petersburg-at-sunset-1850.jpg,осевая
Dataset/Romanticism/alfred-stevens_a-woman-seated-in-oriental-dress.jpg,осевая
Dataset/Romanticism/alfred-stevens_pleasant-letter.jpg,осевая
Dataset/Romanticism/alfred-stevens_reverie-1854.jpg,осевая
Dataset/Romanticism/alphonse-mucha_heraldic-chivalry.jpg,осевая
Dataset/Romanticism/anton-melbye_the-eddystone-lighthouse-1846.jpg,осевая
Dataset/Romanticism/arthur-hughes_asleep-in-the-woods.jpg,осевая
Dataset/Romanticism/arthur-hughes_the-lady-of-shalott-1873.jpg,осевая
Dataset/Romanticism/camille-corot_fontainebleau.jpg,осевая
Dataset/Romanticism/camille-corot_the-eel-gatherers.jpg,осевая
Dataset/Romanticism/caspar-david-friedrich_morning-in-riesengebirge.jpg,осевая
Dataset/Romanticism/christen-kobke_view-of-a-street-in-sterbro-outside-copenhagen-morning-light-1836.jpg,осевая
Dataset/Romanticism/cornelis-springer_along-the-canal-1862.jpg,осевая
Dataset/Romanticism/dante-gabriel-rossetti_a-vision-of-fiammetta-1878.jpg,осевая
Dataset/Romanticism/dante-gabriel-rossetti_the-beloved-1866.jpg,осевая
Dataset/Romanticism/dante-gabriel-rossetti_the-pia-of-tolomei-1880.jpg,осевая
Dataset/Romanticism/domingos-sequeira_allegory-of-the-virtues-of-king-jo-o-vi-1800.jpg,осевая
Dataset/Romanticism/edward-burne-jones_hunting-fields.jpg,осевая
Dataset/Romanticism/edward-burne-jones_the-mirror-of-venus-1875.jpg,асимметрия
Dataset/Romanticism/edwin-henry-landseer_alexander-and-diogenes.jpg,асимметрия
Dataset/Romanticism/edwin-henry-landseer_scene-in-the-olden-time-at-bolton-abbey.jpg,осевая
Dataset/Romanticism/eugene-delacroix_the-liberty-leading-the-people-1830.jpg,осевая
Dataset/Romanticism/ferdinand-georg-waldmтФЬ╨│тФмтХЭller_the-cured-1864.jpg,осевая
Dataset/Romanticism/francisco-goya_hanibal-vencedor-contempla-italia-desde-los-alpes.jpg,осевая
Dataset/Romanticism/francisco-goya_what-a-tailor-can-do-1799.jpg,осевая
Dataset/Romanticism/franz-richard-unterberger_rio-santa-barnaba-venice-2.jpg,осевая
Dataset/Romanticism/franz-xaver-winterhalter_emperor-frederick-iii-of-germany-king-of-prussia-with-his-wife-empress-victoria-and-their.jpg,осевая
Dataset/Romanticism/franz-xaver-winterhalter_the-first-of-may-1851.jpg,осевая
Dataset/Romanticism/frederic-edwin-church_aurora-borealis-1865.jpg,осевая
Dataset/Romanticism/fyodor-bronnikov_in-the-family-1856.jpg,осевая
Dataset/Romanticism/fyodor-solntsev_on-the-iconographic-image-of-the-saviour-the-nereditskaya-church.jpg,осевая
Dataset/Romanticism/george-stubbs_a-grey-stallion-in-a-landscape.jpg,осевая
Dataset/Romanticism/gustave-dore_don-quixote-64.jpg,осевая
Dataset/Romanticism/gustave-dore_the-inferno-canto-33.jpg,осевая
Dataset/Romanticism/gustave-dore_the-inferno-canto-9.jpg,осевая
Dataset/Romanticism/gustave-moreau_song-of-songs-1853.jpg,осевая
Dataset/Romanticism/henry-raeburn_portrait-of-mrs-anne-hart.jpg,осевая
Dataset/Romanticism/ivan-aivazovsky_after-the-storm.jpg,осевая
Dataset/Romanticism/ivan-aivazovsky_napoleon-on-island-of-st-helen-1897.jpg,осевая
Dataset/Romanticism/ivan-aivazovsky_view-of-constantinople-1851.jpg,осевая
Dataset/Romanticism/jan-matejko_boleslaw-the-curly.jpg,осевая
Dataset/Romanticism/jan-matejko_the-constitution-of-may-1889.jpg,осевая
Dataset/Romanticism/john-atkinson-grimshaw_spirit-of-the-night-1879-1.jpg,асимметрия
Dataset/Romanticism/john-everett-millais_clarissa.jpg,осевая
Dataset/Romanticism/john-hoppner_portrait-of-a-lady-as-evelina-literaryp.jpg,осевая
Dataset/Romanticism/john-trumbull_the-death-of-general-mercer-at-the-battle-of-princeton-1795.jpg,осевая
Dataset/Romanticism/john-william-waterhouse_hylas-and-the-nymphs-1896-1.jpg,осевая
Dataset/Romanticism/karl-bodmer_view-of-the-godesburg-and-the-seven-mountains.jpg,осевая
Dataset/Romanticism/karl-bryullov_portrait-of-princess-ye-p-saltykova.jpg,осевая
Dataset/Romanticism/konstantin-makovsky_portrait-of-the-girl-in-a-russian-dress-1.jpg,осевая
Dataset/Romanticism/louis-janmot_po-me-de-l-me-2-le-passage-des-mes.jpg,осевая
Dataset/Romanticism/vasily-tropinin_girl-with-plums.jpg,осевая
Dataset/Romanticism/orest-kiprensky_portrait-of-an-officer-1813.jpg,осевая
Dataset/Romanticism/paul-cezanne_house-in-provence-1867.jpg,осевая
Dataset/Romanticism/richard-parkes-bonington_les-salinieres-by-trouville-1826.jpg,осевая
Dataset/Romanticism/rudolf-von-alt_the-st-nicholas-church-in-gastein-1897.jpg,осевая
Dataset/Romanticism/sir-lawrence-alma-tadema_a-dedication-to-bacchus-1889.jpg,осевая
Dataset/Romanticism/thomas-cole_distant-view-of-niagara-falls-1830.jpg,осевая
Dataset/Romanticism/thomas-moran_shoshone-falls-snake-river-idaho-1875.jpg,осевая
Dataset/Romanticism/william-shayer_the-young-anglers.jpg,осевая
Dataset/Romanticism/william-turner_yacht-approaching-the-coast.jpg,осевая
Dataset/Symbolism/a.y.-jackson_skeena-crossing-1926.jpg,осевая
Dataset/Symbolism/albert-pinkham-ryder_siegfried-and-the-rhine-maidens-1891.jpg,осевая
Dataset/Symbolism/arnold-bтФЬ╨│тФмтХвcklin_children-carving-may-flutes-1877.jpg,осевая
Dataset/Symbolism/arnold-bтФЬ╨│тФмтХвcklin_ideal-spring-landscape-1871.jpg,осевая
Dataset/Symbolism/arnold-bтФЬ╨│тФмтХвcklin_the-hunt-of-diana-1896.jpg,осевая
Dataset/Symbolism/augustus-john_moses-and-the-brazen-serpent-1898.jpg,осевая
Dataset/Symbolism/constantine-maleas_view-of-acropolis.jpg,осевая
Dataset/Symbolism/dante-gabriel-rossetti_dantis-amore-1860.jpg,осевая
Dataset/Symbolism/ferdinand-hodler_grand-muveran-1912-2.jpg,осевая
Dataset/Symbolism/ferdinand-hodler_lake-geneva-with-savoyerbergen.jpg,осевая
Dataset/Symbolism/gustave-moreau_an-arabian-singer-1884.jpg,осевая
Dataset/Symbolism/gustave-moreau_dalila.jpg,осевая
Dataset/Symbolism/gustave-moreau_saint-george.jpg,осевая
Dataset/Symbolism/harry-clarke_the-year-s-at-the-spring-1920-7.jpg,осевая
Dataset/Symbolism/henri-fantin-latour_diana-and-her-handmaidens.jpg,осевая
Dataset/Symbolism/henri-fantin-latour_the-temptation-of-st-anthony.jpg,осевая
Dataset/Symbolism/james-tissot_joseph-interprets-the-dreams-while-in-prison.jpg,осевая
Dataset/Symbolism/james-tissot_moses-strikes-the-rock.jpg,осевая
Dataset/Symbolism/konstantin-bogaevsky_classical-landscape-1910.jpg,асимметрия
Dataset/Symbolism/konstantin-somov_a-greedy-monkey.jpg,асимметрия
Dataset/Symbolism/konstantin-somov_island-of-love.jpg,осевая
Dataset/Symbolism/konstantinos-parthenis_the-slope-1908.jpg,осевая
Dataset/Symbolism/kuzma-petrov-vodkin_portrait-of-m-f-petrova-vodkina-1913.jpg,асимметрия
Dataset/Symbolism/leon-spilliaert_young-man-with-red-scarf-1908.jpg,асимметрия
Dataset/Symbolism/martiros-saryan_ararat-and-arch-charents-1958.jpg,осевая
Dataset/Symbolism/martiros-saryan_land-1969.jpg,осевая
Dataset/Symbolism/maurice-denis_noli-me-tangere.jpg,асимметрия
Dataset/Symbolism/mikalojus-ciurlionis_raigardas-iii-1907.jpg,осевая
Dataset/Symbolism/mikalojus-ciurlionis_ship-1906.jpg,осевая
Dataset/Symbolism/mikhail-nesterov_pond-1906.jpg,осевая
Dataset/Symbolism/mstislav-dobuzhinsky_a-street-in-bruges.jpg,осевая
Dataset/Symbolism/mstislav-dobuzhinsky_old-city-in-kaunas-1930.jpg,осевая
Dataset/Symbolism/nicholas-roerich_behest-of-the-sky-1915.jpg,осевая
Dataset/Symbolism/nicholas-roerich_chan-thang-northern-tibet-1939.jpg,осевая
Dataset/Symbolism/nicholas-roerich_himalayas-3.jpg,осевая
Dataset/Symbolism/nicholas-roerich_monhigan-study-1922-23.jpg,осевая
Dataset/Symbolism/nicholas-roerich_rond-rocks-1912.jpg,осевая
Dataset/Symbolism/nicholas-roerich_royal-monastery-1932.jpg,осевая
Dataset/Symbolism/nicholas-roerich_sword-of-courage-1912.jpg,осевая
Dataset/Symbolism/odilon-redon_apollo-s-chariot-1.jpg,осевая
Dataset/Symbolism/odilon-redon_bouquet-of-flowers-1.jpg,осевая
Dataset/Symbolism/odilon-redon_composition-with-flowers.jpg,осевая
Dataset/Symbolism/odilon-redon_the-black-pegasus.jpg,асимметрия
Dataset/Symbolism/odilon-redon_woman-with-flowers-1903.jpg,асимметрия
Dataset/Symbolism/pablo-picasso_crouching-beggar-1902.jpg,осевая
Dataset/Symbolism/pierre-puvis-de-chavannes_between-art-and-nature-detail-1.jpg,осевая
Dataset/Symbolism/salvador-dali_ipse-erat-elias-mark-1-4-1967.jpg,осевая
Dataset/Symbolism/william-blake_illustration-to-milton-s-comus-1820-1.jpg,осевая
Dataset/Symbolism/william-blake_oberon-titania-and-puck-with-fairies-dancing(1).jpg,осевая
Dataset/Synthetic_Cubism/ad-reinhardt_collage-1940.jpg,асимметрия
Dataset/Synthetic_Cubism/georges-braque_still-life-with-glass-carafe-and-phillips-ace-1919.jpg,асимметрия
Dataset/Synthetic_Cubism/georges-braque_still-life-with-le-jour-1929.jpg,асимметрия
Dataset/Synthetic_Cubism/gino-severini_the-accordion-player-1919.jpg,асимметрия
Dataset/Synthetic_Cubism/jean-metzinger_femme-la-dentelle-1916.jpg,асимметрия
Dataset/Synthetic_Cubism/juan-gris_saint-matorel-1913.jpg,асимметрия
Dataset/Synthetic_Cubism/juan-gris_view-across-the-bay-1921.jpg,асимметрия
Dataset/Synthetic_Cubism/pablo-picasso_violin-1.jpg,асимметрия
Dataset/Synthetic_Cubism/pablo-picasso_violin-1913.jpg,осевая
Dataset/Ukiyo_e/hiroshige_alighting-geese-at-massaki-1825.jpg,асимметрия
Dataset/Ukiyo_e/hiroshige_evening-snow-on-the-asuka-mountain-1841.jpg,асимметрия
Dataset/Ukiyo_e/hiroshige_the-road-connecting-edo-tokyo-and-kyoto-2.jpg,асимметрия
Dataset/Ukiyo_e/katsushika-hokusai_a-man-is-watching-a-beautiful-woman.jpg,асимметрия
Dataset/Ukiyo_e/katsushika-hokusai_bridge-in-the-clouds.jpg,асимметрия
Dataset/Ukiyo_e/katsushika-hokusai_irises-and-grasshopper.jpg,асимметрия
Dataset/Ukiyo_e/katsushika-hokusai_moonlight-over-the-sumida-river-in-edo.jpg,асимметрия
Dataset/Ukiyo_e/katsushika-hokusai_shichiri-beach-in-sagami-province.jpg,асимметрия
Dataset/Ukiyo_e/katsushika-hokusai_the-ghost-of-oiwa.jpg,асимметрия
Dataset/Ukiyo_e/katsushika-hokusai_yodo-gawa-from-setsugekka-snow-moon-and-flowers.jpg,асимметрия
Dataset/Ukiyo_e/keisai-eisen_a-couple-locked-in-an-embrace-1825.jpg,асимметрия
Dataset/Ukiyo_e/keisai-eisen_cards-fukujuso-flowers-and-screen.jpg,осевая
Dataset/Ukiyo_e/keisai-eisen_from-the-series-t-to-meisho-kokoro-no-nazo-sugata-awase.jpg,осевая
Dataset/Ukiyo_e/kitagawa-utamaro_the-hour-of-the-monkey.jpg,осевая
Dataset/Ukiyo_e/ogata-gekko_print-from-series-women-s-customs-and-manners-1895.jpg,асимметрия
Dataset/Ukiyo_e/utagawa-kunisada-ii_the-dragon.jpg,асимметрия
Dataset/Ukiyo_e/utagawa-kuniyoshi_lingering-snow-at-ishiyama.jpg,асимметрия
Dataset/Ukiyo_e/utagawa-kuniyoshi_the-last-stand-of-the-kusunoki-at-shijonawate.jpg,осевая
Dataset/Ukiyo_e/utagawa-kuniyoshi_tokiwa-gozen-with-her-three-children-in-the-snow.jpg,асимметрия
Dataset/Ukiyo_e/utagawa-toyokuni-ii_segawa-kikunojo-v-as-onnagata.jpg,осевая
Dataset/Ukiyo_e/utagawa-toyokuni_actor-bando-mitsugoro-iii-as-ko-no-moronao-1814.jpg,осевая
